1715472000,60805.0,61800.0,60638.9,61444.6,61299.3,668.22060849,11630,2024-05-12,41058548.00042465
1715558400,61444.6,63400.0,60773.2,62910.0,62568.2,1728.04946494,25694,2024-05-13,108711591.8393754
1715644800,62910.0,63075.0,61000.0,61568.6,61746.4,1843.73972575,25935,2024-05-14,113516473.67881145
1715731200,61568.6,66450.0,61325.4,66233.0,64534.2,4260.46874397,44050,2024-05-15,282183626.319365
1715817600,66233.1,66700.0,64557.0,65228.4,65616.2,2547.43999750,29516,2024-05-16,166165435.132929
1715904000,65228.4,67443.0,65121.1,67043.5,66599.4,2179.14176715,29398,2024-05-17,146097291.065921
1715990400,67043.6,67362.9,66620.4,66920.0,66969.3,565.40186442,14082,2024-05-18,37836692.7669864
1716076800,66920.1,67984.0,65922.0,66262.4,67000.1,1096.64003357,18556,2024-05-19,72666000.56042877
1716163200,66262.5,71464.9,66111.0,71408.1,68873.5,3168.46551312,44283,2024-05-20,226254102.2074243
1716249600,71399.0,71896.4,69202.0,70145.1,70623.9,2366.52579535,34455,2024-05-21,166000188.56740528
1716336000,70145.1,70594.2,68725.2,69144.0,69785.5,2667.19208346,26690,2024-05-22,184420329.41875824
1716422400,69144.1,70500.0,66250.0,67940.8,68577.2,3538.19855776,34662,2024-05-23,240388040.5730606
1716508800,67947.0,69285.3,66652.4,68539.1,68100.1,1803.19203512,24678,2024-05-24,123589159.2142932
1716595200,68541.0,69608.3,68540.6,69278.7,69056.2,627.90222520,14226,2024-05-25,43500249.88896324
1716681600,69278.7,69461.2,67971.1,68476.4,68926.9,481.57199102,14241,2024-05-26,32976316.285881925
1716768000,68474.4,70600.0,68266.6,69377.8,69531.7,1340.86348323,23310,2024-05-27,93026158.56683429
1716854400,69377.8,69509.6,67243.1,68324.9,68161.5,1727.62002411,25966,2024-05-28,118039465.38531333
1716940800,68325.0,68843.3,67100.0,67575.4,67781.8,1916.84146270,21965,2024-05-29,129531328.57853757
1717027200,67575.4,69550.0,67099.9,68365.0,68503.7,2098.19011204,25159,2024-05-30,143442767.0096146
1717113600,68365.0,69000.0,66652.4,67498.1,67756.6,1214.31751664,22910,2024-05-31,81964125.16991839
1717200000,67498.1,67817.9,67383.3,67717.2,67655.1,262.42915492,9996,2024-06-01,17770967.56954862
1717286400,67717.2,68379.9,67283.0,67729.1,67858.9,686.52833716,12673,2024-06-02,46497946.40034336
1717372800,67729.2,70253.4,67636.9,68800.0,69135.8,1647.26346475,25377,2024-06-03,113331726.3748
1717459200,68800.0,71050.0,68600.1,70558.6,70079.6,2378.57312613,26623,2024-06-04,167828789.77735624
1717545600,70558.7,71709.0,70378.9,71103.6,71096.3,2163.80748451,25310,2024-06-05,153854501.85560524
1717632000,71116.3,71596.5,70100.0,70752.1,70986.6,1460.01352187,19241,2024-06-06,103299022.70069844
1717718400,70752.1,71900.0,68409.0,69317.0,70490.2,2531.87263250,32830,2024-06-07,175501815.2670025
1717804800,69317.1,69511.2,69138.0,69291.5,69345.9,601.46220651,12379,2024-06-08,41676218.48238766
1717891200,69291.5,69809.8,69155.3,69649.9,69520.8,421.24841694,12724,2024-06-09,29339910.115029305
1717977600,69649.9,70142.5,69186.7,69522.1,69627.2,1227.00068662,17436,2024-06-10,85303664.4352643
1718064000,69522.2,69558.7,66059.3,67348.6,67317.9,2498.48126829,33800,2024-06-11,168269215.54555592
1718150400,67348.6,69969.0,66923.0,68233.7,68567.0,1900.53489755,29809,2024-06-12,129680528.03895743
1718236800,68233.7,68412.0,66244.9,66756.5,67176.0,1247.85112117,24196,2024-06-13,83302173.3703851
1718323200,66756.4,67275.7,65075.0,65992.1,66086.1,1703.77477408,27955,2024-06-14,112435675.26856478
1718409600,65992.1,66405.3,65794.7,66198.1,66186.6,447.31797306,12834,2024-06-15,29611599.912423186
1718496000,66198.1,66868.7,66020.0,66635.4,66468.1,542.32670314,10249,2024-06-16,36138156.794415146
1718582400,66630.0,67267.0,65110.0,66487.6,66100.0,1178.55800856,22430,2024-06-17,78359493.44993386
1718668800,66487.7,66556.5,64050.0,65169.7,65111.8,2452.72181677,34259,2024-06-18,159843144.98235586
1718755200,65169.7,65660.1,64700.0,64949.0,65112.4,645.03059222,15441,2024-06-19,41894091.93409678
1718841600,64949.1,66444.7,64550.0,64833.3,65330.0,1301.88144048,19343,2024-06-20,84405269.99507199
1718928000,64833.3,64999.9,63335.6,64087.9,64028.4,1178.24286298,22945,2024-06-21,75511110.77837594
1719014400,64088.0,64442.5,63932.2,64253.0,64264.8,355.67535869,9469,2024-06-22,22853208.82190857
1719100800,64253.0,64496.6,63176.0,63176.1,63970.5,554.13121587,12521,2024-06-23,35007849.106924705
1719187200,63176.1,63277.8,58448.0,60297.0,60748.3,3701.59188295,46612,2024-06-24,223194885.76623616
1719273600,60297.1,62364.8,60245.0,61794.0,61359.5,1534.90147875,25162,2024-06-25,94847701.9778775
1719360000,61794.1,62454.4,60689.9,60815.1,61379.0,827.76878602,19898,2024-06-26,50340841.4986849
1719446400,60815.2,62297.8,60580.7,61617.1,61491.3,878.31549593,20197,2024-06-27,54119253.7442684
1719532800,61617.1,62100.0,59942.7,60319.6,60940.8,880.35674383,21465,2024-06-28,53102766.64512807
1719619200,60319.6,61102.1,60307.7,60860.0,60859.3,495.32479065,11596,2024-06-29,30145466.758959
1719705600,60860.0,62916.3,60660.7,62680.3,61800.8,819.17136900,15253,2024-06-30,51345907.160330705
1719792000,62680.4,63798.9,62489.9,62858.5,63155.0,1408.61107175,23148,2024-07-01,88543179.05359738
1719878400,62858.6,63168.6,61747.0,62019.9,62231.5,924.08073447,20035,2024-07-02,57311394.74375596
1719964800,62020.0,62178.9,59341.6,60146.6,60374.0,1615.05745394,31614,2024-07-03,97140214.6591476
1720051200,60146.6,60399.3,56777.0,57021.1,58052.2,2727.52009454,42227,2024-07-04,155526196.0627748
1720137600,57031.4,57520.4,53563.3,56650.1,55566.8,4102.76018281,53763,2024-07-05,232421774.63220474
1720224000,56650.1,58468.0,56028.6,58234.9,57066.3,995.59225603,18053,2024-07-06,57978215.47068145
1720310400,58234.9,58396.7,55727.7,55845.4,57128.8,940.57443934,19203,2024-07-07,52526755.79471804
1720396800,55845.4,58129.8,54301.3,56699.3,56161.1,2283.59009877,31517,2024-07-08,129477960.08718988
1720483200,56699.3,58245.2,56325.2,58001.6,57493.7,1412.64260222,24721,2024-07-09,81935531.15692355
1720569600,58001.6,59474.1,57154.1,57743.1,58130.0,1511.28549023,28726,2024-07-10,87266309.19089991
1720656000,57742.1,59500.0,57075.5,57350.0,58136.7,1532.40446222,25327,2024-07-11,87883395.908317
1720742400,57350.0,58494.9,56593.3,57911.4,57563.0,1135.13837554,24512,2024-07-12,65737452.521247156
1720828800,57911.5,59836.5,57784.1,59222.8,58741.8,985.88672616,16359,2024-07-13,58386972.40602845
1720915200,59222.8,61373.5,59222.8,60810.0,60078.6,1537.75585929,22028,2024-07-14,93510933.8034249
1721001600,60810.0,64900.0,60704.5,64764.2,63119.7,2989.71251023,38137,2024-07-15,193626338.95503777
1721088000,64764.3,65416.3,62466.0,65088.7,64315.2,3185.16204963,46923,2024-07-16,207318057.0997522
1721174400,65077.1,66100.3,63853.1,64120.0,64968.4,1952.56296580,30598,2024-07-17,125198337.367096
1721260800,64120.1,65097.1,63225.5,63960.7,64122.8,1495.39840213,22956,2024-07-18,95646728.57911628
1721347200,63960.7,67429.0,63350.0,66708.9,65974.4,2068.88597692,33655,2024-07-19,138013107.74575856
1721433600,66708.9,67612.9,66301.4,67166.1,66962.5,878.57703216,21176,2024-07-20,59010592.79976179
1721520000,67166.1,68313.0,65857.0,68137.1,67262.3,1510.08005220,26488,2024-07-21,102892475.52475663
1721606400,68137.2,68531.4,66600.0,67595.1,67670.2,1381.72971405,30477,2024-07-22,93398158.19418116
1721692800,67595.2,67761.1,65458.8,65900.8,66334.1,2538.76002268,33824,2024-07-23,167306316.50263014
1721779200,65900.8,67098.3,65134.4,65367.0,66027.5,1565.37594373,23358,2024-07-24,102323929.3137989
1721865600,65360.4,66090.9,63427.5,65795.4,64561.0,1783.90500659,29923,2024-07-25,117372743.47059168
1721952000,65794.2,69000.0,65755.6,67914.7,67318.8,2487.78967158,35371,2024-07-26,168957489.2084542
1722038400,67914.7,69398.3,66624.3,67900.8,68310.0,3068.23357372,41232,2024-07-27,208335514.242447
1722124800,67912.9,68282.0,67090.9,68250.0,67742.1,995.06551127,17384,2024-07-28,67913221.1441775
1722211200,68250.0,69985.0,66429.9,66755.3,68162.0,2738.33894061,44411,2024-07-29,182798637.48210275
1722297600,66755.4,66973.7,65337.5,66175.1,66247.3,1726.18820443,27016,2024-07-30,114230677.0469757
1722384000,66175.1,66799.9,64524.6,64638.1,65782.4,1565.48572184,31057,2024-07-31,101190022.63686611
1722470400,64638.1,65550.0,62250.0,65300.0,63816.6,2421.32198213,41316,2024-08-01,158112325.433089
1722556800,65300.1,65500.0,61205.0,61409.9,63379.6,2656.60031785,39943,2024-08-02,163141559.85913673
1722643200,61410.0,62126.7,59826.5,60688.5,61035.2,2560.01992687,34330,2024-08-03,155363769.33185
1722729600,60688.6,61040.4,57176.3,58103.0,59114.9,1993.41704536,33118,2024-08-04,115823510.58655208
1722816000,58103.1,58270.3,49111.0,54006.5,52908.5,10612.00555526,135740,2024-08-05,573117278.0201492
1722902400,54012.4,57056.5,53978.6,56080.0,55873.3,3145.82396579,46055,2024-08-06,176417808.0015032
1722988800,56080.0,57720.8,54556.5,55091.0,56166.4,2780.75950654,42119,2024-08-07,153194821.97479513
1723075200,55138.1,62700.0,54760.3,61704.7,58958.1,3570.74854621,47336,2024-08-08,220331967.81932417
1723161600,61701.9,61732.2,59572.9,60859.9,60603.9,3535.85878338,35746,2024-08-09,215192011.97062847
1723248000,60859.9,61444.6,60284.3,60951.7,60844.5,745.15375745,18724,2024-08-10,45418388.27796516
1723334400,60951.8,61800.0,58329.9,58717.7,59900.6,1657.29620150,26464,2024-08-11,97312621.17081656
1723420800,58717.7,60658.4,57690.0,59359.9,59074.0,1772.47497441,35652,2024-08-12,105213937.23348016
1723507200,59359.5,61555.0,58441.2,60600.0,60028.1,2442.99193825,32890,2024-08-13,148045311.45795003
1723593600,60600.1,61773.4,58500.0,58693.6,60047.6,2297.26406239,28085,2024-08-14,134834697.9722937
1723680000,58693.7,59885.4,56117.7,57554.9,58113.0,2578.85459852,31098,2024-08-15,148425718.53235874
1723766400,57555.0,59800.0,57100.9,58898.4,58591.9,1659.79839491,24337,2024-08-16,97759469.78276715
1723852800,58895.6,59682.2,58812.4,59473.3,59359.2,456.34171482,11820,2024-08-17,27140147.708004307
1723939200,59473.4,60234.4,58451.6,58466.5,59703.1,812.95931566,16003,2024-08-18,47530885.829035394
1724025600,58466.5,59593.0,57860.8,59493.7,58625.6,1313.02080450,22221,2024-08-19,78116465.83668165
1724112000,59493.7,61391.9,58572.7,59023.3,59981.6,2101.76376736,32159,2024-08-20,124053033.37001951
1724198400,59023.3,61800.0,58844.0,61179.7,60416.4,2153.31118019,27946,2024-08-21,131738932.01067014
1724284800,61179.8,61416.7,59805.7,60391.1,60654.8,1586.14888616,24398,2024-08-22,95789275.99897718
1724371200,60391.1,64950.9,60390.0,64087.4,62572.4,3155.25945614,37763,2024-08-23,202212374.86942664
1724457600,64087.5,64481.2,63641.0,64176.0,64113.2,953.24449315,19980,2024-08-24,61175418.592394404
1724544000,64176.1,65070.7,63834.5,64288.1,64304.4,707.02067492,17564,2024-08-25,45453015.851324454
1724630400,64288.1,64455.5,62851.0,62854.7,63589.7,1136.40633879,25632,2024-08-26,71428479.50274381
1724716800,62851.1,63200.0,58009.6,59458.0,60980.2,2317.87991070,35201,2024-08-27,137816503.7304006
1724803200,59458.0,60216.2,57870.8,59025.6,59207.7,1959.75911169,31780,2024-08-28,115675957.42296927
1724889600,59025.6,61143.1,58717.4,59385.5,59960.2,1464.07565396,24266,2024-08-29,86944864.74824157
1724976000,59385.5,59899.0,57755.0,59105.0,58775.5,1521.27611375,26903,2024-08-30,89915024.70319374
1725062400,59110.0,59443.0,58736.9,58972.3,59102.1,558.76100338,15276,2024-08-31,32951421.51962638
1725148800,58972.3,59026.7,57210.0,57321.2,58115.5,1772.08376068,25731,2024-09-01,101577967.66269042
1725235200,57318.5,59388.0,57124.2,59128.6,58224.2,1728.80022150,22894,2024-09-02,102221536.77698489
1725321600,59128.7,59773.0,57406.4,57497.6,58269.9,1444.70195880,25883,2024-09-03,83066895.34629889
1725408000,57482.4,58508.0,55617.7,57970.0,57167.3,2253.64124921,37422,2024-09-04,130643583.2167037
1725494400,57970.1,58285.9,55601.5,56163.9,56667.6,2115.36409133,33646,2024-09-05,118807097.289049
1725580800,56163.9,56964.1,52569.0,53948.3,54852.3,3806.68584457,55000,2024-09-06,205364229.94861573
1725667200,53948.3,54810.2,53739.0,54146.4,54166.4,1015.36745899,21584,2024-09-07,54978492.58145614
1725753600,54146.5,55317.6,53636.6,54856.8,54448.7,980.64078512,19909,2024-09-08,53794815.42117082
1725840000,54856.9,58050.8,54580.3,57062.7,56169.0,1806.65055351,30804,2024-09-09,103092358.53977507
1725926400,57062.7,58000.0,56440.2,57630.0,57115.3,1234.54187638,20562,2024-09-10,71146648.3357794
1726012800,57630.0,57990.0,55548.1,57350.6,56884.3,2108.12975023,25601,2024-09-11,120902506.05354063
1726099200,57350.7,58546.4,57339.0,58133.1,58013.4,1392.83982615,23323,2024-09-12,80970096.89756055
1726185600,58133.4,60657.4,57658.3,60581.0,59117.1,2992.83088973,32440,2024-09-13,181308688.13073313
1726272000,60581.1,60650.0,59478.3,60000.1,60124.5,1011.96700566,18220,2024-09-14,60718121.53630057
1726358400,60000.2,60350.0,58679.1,59135.1,59668.2,911.81154664,15589,2024-09-15,53920066.99171106
1726444800,59135.1,59176.7,57488.7,58197.2,58225.5,1394.86006272,23357,2024-09-16,81176950.04212838
1726531200,58197.3,61300.0,57619.9,60317.2,60050.4,2381.81722631,31003,2024-09-17,143664546.00278553
1726617600,60317.1,61777.7,59164.6,61777.7,60292.5,2374.42823592,34518,2024-09-18,146686715.230195
1726704000,61777.7,63840.0,61599.2,62922.1,62800.1,2674.76794810,32072,2024-09-19,168302016.307143
1726790400,62922.2,64087.0,62373.3,63210.2,63164.5,2234.54850294,37364,2024-09-20,141246257.780538
1726876800,63210.3,63539.5,62801.0,63376.1,63133.4,1769.28073004,25270,2024-09-21,112130112.47508805
1726963200,63376.1,64000.0,62440.6,63615.2,63025.9,2192.35369043,30771,2024-09-22,139467018.48744252
1727049600,63615.2,64777.3,62643.0,63332.4,63661.3,2429.20341709,35701,2024-09-23,153847282.49251074
1727136000,63332.4,64681.0,62739.4,64271.8,63693.7,1731.18720351,31760,2024-09-24,111266517.70655403
1727222400,64271.9,64770.0,62917.4,63139.2,63719.7,1472.03011434,26683,2024-09-25,92942803.79533613
1727308800,63139.2,65764.9,62673.3,65183.5,64774.8,2376.40345616,33061,2024-09-26,154902294.68460536
1727395200,65179.3,66452.8,64841.2,65788.9,65752.7,1580.52059663,25987,2024-09-27,103980711.4796314
1727481600,65788.8,66218.7,65475.7,65878.4,65772.9,434.17709796,14053,2024-09-28,28602892.530248065
1727568000,65862.7,66055.0,65474.4,65610.0,65707.2,541.96337683,13312,2024-09-29,35558217.1538163
1727654400,65610.1,65610.1,62883.9,63338.5,64055.1,1812.35809052,31199,2024-09-30,114792042.91640101
1727740800,63325.0,64100.0,60203.4,60819.1,62147.0,2632.62350634,38700,2024-10-01,160113792.2944431
1727827200,60819.1,62350.0,60000.0,60635.3,61198.3,1636.61948719,27659,2024-10-02,99236913.59161182
1727913600,60643.9,61467.5,59850.0,60739.6,60652.7,1794.05177805,28987,2024-10-03,108969987.37804577
1728000000,60739.7,62470.0,60451.6,62081.0,61725.4,1614.92871105,26302,2024-10-04,100256389.31069505
1728086400,62081.0,62328.3,61700.0,62049.0,61997.1,543.87208120,13125,2024-10-05,33746718.766378805
1728172800,62048.5,62921.0,61824.9,62809.3,62396.7,558.72425339,15811,2024-10-06,35093079.24844853
1728259200,62809.4,64419.3,62150.8,62234.6,63375.5,1753.12946058,32701,2024-10-07,109105310.72741207
1728345600,62221.1,63180.2,61825.4,62117.9,62446.2,1451.97055407,28769,2024-10-08,90193361.68066485
1728432000,62120.6,62493.0,60300.0,60558.0,61611.2,1425.15802177,28558,2024-10-09,86304719.48234767
1728518400,60558.0,61237.4,58888.0,60279.5,60051.3,1660.04543018,28717,2024-10-10,100066708.50853531
1728604800,60275.9,63414.5,60063.4,62502.5,62164.4,1956.73441154,38754,2024-10-11,122300792.55727886
1728691200,62502.5,63445.0,62495.0,63184.0,63013.0,687.24397320,27088,2024-10-12,43422823.2026688
1728777600,63184.9,63273.0,62029.9,62834.9,62646.6,808.19554302,15709,2024-10-13,50782886.126107395
1728864000,62834.9,66400.0,62465.0,66025.5,65033.8,2419.74862017,61236,2024-10-14,159765112.52103433
1728950400,66025.6,67871.1,64686.1,67060.5,66193.6,3990.01286365,49705,2024-10-15,267572257.6428008
1729036800,67056.0,68328.6,66751.5,67589.9,67655.5,1989.74847719,33858,2024-10-16,134486900.59842438
1729123200,67590.0,67899.9,66644.5,67407.8,67208.4,1581.80315377,31915,2024-10-17,106625870.62869743
1729209600,67407.8,68980.3,67189.9,68440.3,68262.2,1519.44740947,32011,2024-10-18,103991436.53834964
1729296000,68440.2,68632.7,68062.2,68374.9,68291.9,402.00012426,15819,2024-10-19,27486718.296265073
1729382400,68375.0,69315.0,68129.4,69010.5,68665.6,696.12320319,20673,2024-10-20,48039810.313743494
1729468800,69010.5,69447.8,66838.6,67385.1,67857.8,2249.69267837,42900,2024-10-21,151595766.1012303
1729555200,67385.1,67750.0,66564.4,67387.6,67223.0,1332.15318315,33260,2024-10-22,89770605.84483895
1729641600,67384.2,67407.5,65199.0,66633.4,66212.5,1637.67388406,38619,2024-10-23,109123778.9861236
1729728000,66630.5,68794.2,66452.2,68170.1,67708.6,1711.06407067,37956,2024-10-24,116643408.80398098
1729814400,68170.1,68699.0,65531.0,66606.8,67272.8,1962.90088500,46344,2024-10-25,130742546.66701801
1729900800,66606.8,67348.4,66364.0,67026.0,66949.2,551.11680650,19066,2024-10-26,36939155.072469
1729987200,67026.1,68196.0,66850.4,67941.2,67532.6,669.93058797,16686,2024-10-27,45515888.063387364
1730073600,67941.3,70200.0,67535.0,69911.9,69066.4,2663.61172521,41072,2024-10-28,186218156.57170898
1730160000,69912.0,73574.9,69720.1,72661.0,71932.3,3112.48180118,60478,2024-10-29,226156040.15553996
1730246400,72661.0,72887.9,71400.0,72331.1,72180.5,1750.94496989,41109,2024-10-30,126647775.71161059
1730332800,72331.1,72662.0,69602.0,70250.1,71115.7,1855.72917608,34927,2024-10-31,130365160.1925376
1730419200,70250.1,71576.0,68810.0,69490.1,69793.3,2425.49168870,42761,2024-11-01,168547659.99693188
1730505600,69490.1,69858.8,69060.0,69300.0,69444.7,803.13883973,19256,2024-11-02,55657521.593288995
1730592000,69300.9,69363.3,67483.7,68748.7,68293.5,2115.26348924,35315,2024-11-03,145421615.042714
1730678400,68748.7,69430.6,66836.0,67783.3,68181.7,1544.56123278,30935,2024-11-04,104695457.40989658
1730764800,67787.8,70482.0,67481.4,69382.7,69409.3,2008.23627213,30812,2024-11-05,139336854.79831415
1730851200,69382.7,76457.6,69341.0,75642.0,73794.8,8946.48732813,69815,2024-11-06,676730194.4744095
1730937600,75642.1,76937.5,74500.0,75949.2,75634.4,3152.67539089,41516,2024-11-07,239443173.79778278
1731024000,75949.3,77242.0,75713.0,76550.4,76473.4,2322.42184749,32788,2024-11-08,177782321.39409846
1731110400,76550.5,76911.0,75785.2,76728.3,76430.8,1025.99230375,23283,2024-11-09,78722645.27982113
1731196800,76728.3,81480.7,76569.9,80423.3,79484.9,4998.42665424,64789,2024-11-10,401989966.3419398
1731283200,80423.3,89600.0,80299.9,88737.6,85246.6,7092.85736454,93436,2024-11-11,629403139.6716048
1731369600,88737.5,89920.0,85136.0,88087.3,87946.7,6817.99545766,85465,2024-11-12,600578811.2775338
1731456000,88087.3,93435.0,86258.0,90490.9,90290.9,7626.54566803,77561,2024-11-13,690132981.3911359
1731542400,90496.8,91780.0,86621.9,87313.2,89304.9,6252.08697742,61715,2024-11-14,545889720.676868
1731628800,87314.4,91850.0,87135.0,91062.0,89507.4,3879.47146166,48562,2024-11-15,353272430.2416829
1731715200,91062.0,91750.0,90149.0,90555.1,91055.2,1466.32281088,32817,2024-11-16,132783008.77151948
1731801600,90567.7,91399.0,88728.6,89850.0,90074.6,1823.63907979,31062,2024-11-17,163853971.31913152
1731888000,89850.0,92607.2,89400.0,90507.9,91095.2,3681.74954480,49941,2024-11-18,333227419.6258039
1731974400,90508.0,94000.0,90424.6,92376.1,92538.5,4118.94491548,53877,2024-11-19,380492067.4068721
1732060800,92376.1,94925.0,91636.1,94364.5,93840.6,3479.27477537,55062,2024-11-20,328320024.54040235
1732147200,94356.8,98999.0,94135.0,98496.0,97273.1,4985.84908294,79873,2024-11-21,491086191.2732582
1732233600,98496.0,99650.0,97218.3,99000.0,98798.5,3342.09282648,62203,2024-11-22,330867189.82152
1732320000,99000.0,99000.0,97219.2,97759.1,98254.7,1822.84995162,44494,2024-11-23,178200170.70541474
1732406400,97759.1,98607.4,95751.2,97994.1,97321.1,1713.90019572,42023,2024-11-24,167952107.16940528
1732492800,97994.1,98880.0,92550.0,93000.0,95745.7,4287.35322125,55562,2024-11-25,398723849.57625
1732579200,93000.1,94995.0,90736.0,91914.5,92714.5,3988.70968177,53132,2024-11-26,366620256.04504865
1732665600,91914.6,97387.9,91818.3,95952.9,95222.0,3676.00390362,45972,2024-11-27,352723234.96365947
1732752000,95946.8,96652.0,94653.6,95637.8,95402.0,1141.15914588,29180,2024-11-28,109137950.16184227
1732838400,95637.8,98670.1,95385.7,97478.7,97171.8,2810.05076582,39756,2024-11-29,273920095.586138
1732924800,97478.7,97491.2,96185.0,96456.2,96780.0,724.35102600,25479,2024-11-30,69868147.4340612
1733011200,96456.3,97850.0,95754.4,97244.6,97032.8,790.57085383,23454,2024-12-01,76878746.45235683
1733097600,97245.0,98135.3,94450.0,95853.3,95999.1,2076.03930234,45724,2024-12-02,198995218.05898675
1733184000,95853.3,96267.2,93565.1,95917.5,95229.8,1750.12703242,45943,2024-12-03,167867809.63214535
1733270400,95917.5,99213.9,94656.9,98757.1,97143.5,4007.40945935,61942,2024-12-04,395760136.7179739
1733356800,98757.1,104015.5,91800.0,97087.3,100544.9,8398.16065969,124693,2024-12-05,815354743.415521
1733443200,97087.3,101995.0,96510.3,99872.9,99498.0,2727.15514037,51565,2024-12-06,272368892.61865896
1733529600,99873.0,100501.4,99000.0,99899.9,99808.4,829.88174542,29512,2024-12-07,82905103.37928346
1733616000,99900.0,101400.0,98699.7,101170.0,99953.9,1101.24140085,30667,2024-12-08,111412592.5239945
1733702400,101170.0,101214.3,94140.9,97399.9,97783.0,2874.85666097,66973,2024-12-09,280010751.2928119
1733788800,97337.0,98267.9,94314.1,96655.1,96577.8,2459.10248253,54424,2024-12-10,237684796.35918543
1733875200,96655.1,101900.0,95754.0,101177.0,99772.0,2523.39702118,49508,2024-12-11,255309740.41192886
1733961600,101177.1,102500.0,99296.6,100050.1,100804.3,1955.43808408,48609,2024-12-12,195641775.8560124
1734048000,100050.1,101905.2,99250.0,101483.1,100874.7,1358.12451422,36197,2024-12-13,137826685.8890397
1734134400,101483.1,102637.2,100666.0,101400.1,101606.7,926.63654907,27948,2024-12-14,93961038.73935291
1734220800,101400.1,105000.0,101222.5,104355.2,103100.5,2036.39517524,36649,2024-12-15,212508425.79120526
1734307200,104355.3,107777.0,103319.4,106067.2,105762.5,4525.54878744,69654,2024-12-16,480012288.3471559
1734393600,106070.2,108297.6,105124.0,106151.9,106666.1,4684.88958375,51877,2024-12-17,497309930.60527164
1734480000,106152.0,106489.3,100027.8,100166.1,102962.4,3014.79303894,56882,2024-12-18,301980061.01776797
1734566400,100166.1,102750.0,95586.4,97431.4,99042.3,3582.99338433,76206,2024-12-19,349096061.62600994
1734652800,97431.5,98064.7,92159.0,97781.8,95648.3,3145.57762405,61835,2024-12-20,307580242.1193323
1734739200,97781.8,99575.4,96359.8,97232.6,97786.6,1158.06359574,35915,2024-12-21,112601534.37914912
1734825600,97232.7,97321.3,94201.1,95101.9,95729.4,843.50640738,26527,2024-12-22,80219062.00401202
1734912000,95101.9,96403.0,92417.0,94699.4,94202.2,1608.13292536,44002,2024-12-23,152289223.15183678
1734998400,94699.4,99400.0,93500.0,98647.2,96925.7,1533.79982235,39941,2024-12-24,151305057.8353249
1735084800,98647.2,99411.6,97600.0,99310.8,98493.5,681.61047112,30576,2024-12-25,67691281.1753041
1735171200,99328.2,99821.8,95139.1,95645.0,96427.2,1286.63045412,35677,2024-12-26,123059769.78430739
1735257600,95660.9,97308.6,93300.0,94148.9,95369.6,1781.17817466,45144,2024-12-27,167695965.84824687
1735344000,94147.6,95497.0,94033.5,95204.1,94625.4,447.87195123,21419,2024-12-28,42639246.03209604
1735430400,95204.1,95204.1,92860.7,93551.0,94069.1,698.54712674,22934,2024-12-29,65349782.253653735
1735516800,93551.0,94858.7,91256.6,92611.3,92857.6,2168.29172819,42406,2024-12-30,200808315.72692254
1735603200,92611.3,96040.0,91934.1,93370.9,94050.7,1697.95041413,34489,2024-12-31,158539158.32269078
1735689600,93370.8,94888.0,92588.1,94380.8,93775.3,576.16221881,25886,2025-01-01,54378651.14106285
1735776000,94380.9,97719.9,94167.2,96805.2,96494.6,1727.87834504,40932,2025-01-02,167267608.7672662
1735862400,96805.3,98888.0,96034.1,98111.1,97693.7,1520.22829624,32349,2025-01-03,149151270.39523226
1735948800,98111.1,98714.8,97548.4,98208.9,97996.0,630.75266227,23359,2025-01-04,61945525.1336082
1736035200,98208.9,98750.0,97250.0,98306.2,97970.2,437.30434173,18687,2025-01-05,42989728.07897772
1736121600,98306.3,102479.6,97974.0,102222.0,100991.5,2276.11065977,50951,2025-01-06,232668583.86300895
1736208000,102222.0,102759.3,96100.0,96932.2,98488.5,2322.87122789,46693,2025-01-07,225161018.43607903
1736294400,96932.2,97232.8,92501.0,95060.4,94834.8,2675.62697608,54862,2025-01-08,254346170.5969552
1736380800,95060.1,95251.1,91168.5,92531.7,92924.8,2567.92194993,46660,2025-01-09,237614183.4943378
1736467200,92523.5,95771.2,92200.0,94698.8,94075.7,2409.34482421,48670,2025-01-10,228162063.63889793
1736553600,94698.9,94986.6,93865.0,94562.1,94437.8,315.42363614,18922,2025-01-11,29827121.423034295
1736640000,94562.1,95300.0,93652.2,94449.9,94576.1,432.71136580,22557,2025-01-12,40869545.22867342
1736726400,94450.0,95808.2,89005.8,94487.1,91915.9,3303.02566784,69218,2025-01-13,312093316.5797649
1736812800,94487.1,97302.9,94313.0,96560.1,96139.8,1407.26000359,43145,2025-01-14,135885166.67265075
1736899200,96560.1,100731.7,96500.0,100496.4,98844.9,2160.29010015,46331,2025-01-15,217101378.02071443
1736985600,100496.5,100700.0,97333.0,99976.7,99508.6,1764.68463636,40996,2025-01-16,176427346.48397282
1737072000,99976.7,105883.0,99952.8,104089.8,103572.2,3507.92883752,60471,2025-01-17,365139611.11168927
1737158400,104089.8,104907.3,102222.0,104382.0,103738.3,1776.25333653,36012,2025-01-18,185408875.77367446
1737244800,104382.0,106246.6,99538.2,101191.1,103853.3,4231.21213917,73121,2025-01-19,428161010.6959654
1737331200,101191.0,109112.0,99500.0,102162.8,104549.7,6144.71011387,104134,2025-01-20,627760790.421278
1737417600,102142.1,107200.0,100114.2,106162.8,104482.0,2766.17867975,57011,2025-01-21,293665273.9425633
1737504000,106162.8,106293.4,103271.3,103648.5,104664.0,1391.42072629,36254,2025-01-22,144218671.14886907
1737590400,103648.6,106833.2,101281.7,103920.2,104188.7,4692.19078465,64479,2025-01-23,487613404.7789849
1737676800,103920.2,107080.6,102800.0,104840.4,105315.2,1795.72253619,36250,2025-01-24,188264268.98317406
1737763200,104840.4,105194.1,104250.0,104705.2,104662.4,643.54540419,19139,2025-01-25,67382550.25479479
1737849600,104705.3,105380.0,102544.1,102596.5,104290.1,949.06481010,22008,2025-01-26,97370727.78942466
1737936000,102596.5,103200.0,97688.7,102133.3,100393.9,3883.43048284,68012,2025-01-27,396627570.5330426
1738022400,102133.3,103728.0,100200.0,101299.8,102126.3,1817.06633000,35792,2025-01-28,184068455.81573403
1738108800,101299.9,104749.1,101277.6,103708.0,102863.8,2068.76411452,35819,2025-01-29,214547388.78864017
1738195200,103708.1,106414.4,103252.5,104750.1,105132.9,2010.23973624,32805,2025-01-30,210572813.39511362
1738281600,104750.1,106000.0,101500.0,102406.0,103785.3,1755.91946054,36579,2025-01-31,179816688.27605924
1738368000,102406.0,102748.6,100147.0,100624.2,101689.6,1188.38891180,25176,2025-02-01,119580683.53874555
1738454400,100624.3,101415.5,96100.0,97696.1,98561.4,2816.31259953,48029,2025-02-02,275142757.35494286
1738540800,97696.0,102500.0,91000.0,101425.1,96614.4,5541.67940806,90351,2025-02-03,562065388.1304264
1738627200,101425.1,101721.9,96250.0,97868.5,98983.0,3162.38590831,45835,2025-02-04,309497965.2674372
1738713600,97868.4,99125.0,96191.0,96623.8,97658.8,1343.73465352,24709,2025-02-05,129836748.41478577
1738800000,96613.4,99100.0,95700.0,96559.2,97564.3,2017.20689834,26468,2025-02-06,194779884.33819172
1738886400,96558.5,100181.7,95634.1,96547.5,97703.3,1926.56834175,43481,2025-02-07,186005356.97510812
1738972800,96547.5,96860.1,95656.9,96496.5,96339.6,383.81280043,16339,2025-02-08,37036591.89669349
1739059200,96496.5,97291.2,94763.1,96473.0,96216.3,702.74391142,20517,2025-02-09,67795813.36642165
1739145600,96473.0,98300.0,95326.7,97441.2,97196.3,1163.37216215,21718,2025-02-10,113360379.52649057
1739232000,97441.2,98442.3,94899.2,95767.1,96684.3,1329.40106338,28438,2025-02-11,127312884.57681881
1739318400,95767.1,98042.8,94111.0,97874.0,96200.3,1463.18182995,29336,2025-02-12,143207458.4245263
1739404800,97874.0,98077.1,95273.7,96628.0,96085.7,1291.44841164,21526,2025-02-13,124790077.1199499
1739491200,96628.0,98826.0,96340.7,97464.0,97366.2,1523.91696415,28343,2025-02-14,148527042.9939156
1739577600,97464.0,97902.0,97279.3,97588.2,97582.2,375.80330877,14594,2025-02-15,36673968.45690852
1739664000,97588.2,97700.0,96112.6,96144.1,96951.9,311.46490458,14039,2025-02-16,29945512.93242998
1739750400,96144.1,97032.6,95224.7,95772.8,96020.6,1005.28486366,20654,2025-02-17,96278946.19033645
1739836800,95772.8,96650.9,93388.7,95600.0,94912.6,1472.41908125,33221,2025-02-18,140763264.16750002
1739923200,95600.0,96875.0,94996.8,96625.7,95930.4,1116.70166311,26149,2025-02-19,107902079.88916792
1740009600,96625.7,98744.0,96405.7,98339.1,97627.6,1280.02593709,28613,2025-02-20,125876598.63008723
1740096000,98339.1,99481.1,94858.0,96099.5,97442.3,2181.18505022,37938,2025-02-21,209610792.7336169
1740182400,96099.5,96900.0,95791.3,96600.1,96428.8,484.13874675,14465,2025-02-22,46767851.349924676
1740268800,96600.1,96621.6,95300.0,96303.4,95977.9,359.68758804,13477,2025-02-23,34639137.666051336
1740355200,96303.4,96483.0,91400.0,91534.4,94035.6,2273.50832688,43024,2025-02-24,208104220.59596464
1740441600,91534.4,92487.3,86000.0,88632.6,88983.8,5210.26309616,84846,2025-02-25,461799164.8967108
1740528000,88632.6,89271.0,80525.0,84089.8,85422.7,5878.70103157,77746,2025-02-26,494338794.004515
1740614400,84089.9,86951.2,82611.0,84691.4,84888.4,2506.41796058,46638,2025-02-27,212272046.066665
1740700800,84668.4,85061.0,78219.0,84309.2,81562.9,4498.77887051,77842,2025-02-28,379288447.5496017
1740787200,84309.2,86515.9,83799.3,86020.8,85167.0,1112.34047277,25856,2025-03-01,95684417.34005362
1740873600,86020.8,95000.0,84500.1,94285.0,90983.0,5152.53589430,62645,2025-03-02,485806846.7940755
1740960000,94285.0,94401.6,85055.0,86144.7,89968.5,5136.27936399,63117,2025-03-03,442463244.92710936
1741046400,86144.7,88888.0,81434.5,87250.0,84629.5,4690.09095506,61737,2025-03-04,409210435.828985
1741132800,87250.0,90975.1,86378.4,90610.4,89224.7,3795.41190016,49992,2025-03-05,343903790.43825763
1741219200,90610.4,92741.5,87836.3,89916.8,90197.8,2992.56395797,44486,2025-03-06,269081774.8959969
1741305600,89925.3,91227.4,84665.7,86762.3,87910.5,4534.10086304,56830,2025-03-07,393389019.3093354
1741392000,86762.3,86809.4,85230.0,86164.1,86115.6,816.51310316,20983,2025-03-08,70354116.67198856
1741478400,86164.1,86435.2,80006.7,80684.0,82956.4,2019.63804496,39533,2025-03-09,162952476.01955262
1741564800,80709.9,83971.5,77414.3,78558.8,80090.9,3411.34413240,64265,2025-03-10,267991101.42838514
1741651200,78558.9,83607.9,76615.7,82900.0,80669.6,3925.04144014,52739,2025-03-11,325385935.38760597
1741737600,82900.0,84482.0,80628.9,83673.4,82589.7,2515.76502183,36613,2025-03-12,210502612.97759032
1741824000,83673.4,84282.4,79930.7,81112.3,81997.4,1998.70930581,31403,2025-03-13,162119908.82565245
1741910400,81112.3,85278.7,80847.2,83997.6,83719.1,2075.86273147,31189,2025-03-14,174367487.3729245
1741996800,83997.7,84659.4,83666.9,84332.9,84209.5,584.76838101,16525,2025-03-15,49315213.398878224
1742083200,84333.0,85021.0,82009.8,82599.9,83231.2,842.27980256,23323,2025-03-16,69572227.46347573
1742169600,82600.0,84700.0,82500.0,84015.2,83518.2,1262.16112303,22150,2025-03-17,106040719.18359005
1742256000,84015.2,84015.2,81166.0,82705.4,82212.7,1526.03270747,25866,2025-03-18,126211145.48438933
1742342400,82705.4,87000.0,82553.3,86879.5,84476.4,2673.46536757,31949,2025-03-19,232269334.40179783
1742428800,86879.6,87433.9,83609.1,84178.6,85473.1,2156.72058329,30576,2025-03-20,181549719.2925356
1742515200,84178.6,84771.3,83179.3,84034.3,84062.7,1018.69958284,21597,2025-03-21,85605706.35425141
1742601600,84034.3,84450.0,83667.4,83800.0,84055.2,440.24781187,13004,2025-03-22,36892766.634706005
1742688000,83800.0,86100.0,83799.9,86076.5,84983.0,588.42498116,14834,2025-03-23,50649562.890818745
1742774400,86076.5,88750.0,85558.1,87505.3,87461.1,2187.05354124,31475,2025-03-24,191378776.24226856
1742860800,87511.9,88500.0,86306.7,87458.1,87419.8,1275.81713678,23990,2025-03-25,111580542.73021893
1742947200,87458.1,88263.0,85853.7,86899.0,87101.7,1808.20481963,27058,2025-03-26,157131190.62102738
1743033600,86899.0,87755.8,85838.9,87209.9,87098.3,1018.98407902,22803,2025-03-27,88865499.63292629
1743120000,87209.9,87441.7,83530.1,84373.9,84711.6,2052.98377273,33755,2025-03-28,173218247.54194373
1743206400,84373.9,84559.8,81655.0,82613.8,82968.1,1157.08426174,25276,2025-03-29,95591127.78253603
1743292800,82613.8,83500.0,81588.7,82325.4,82804.3,916.37403895,21788,2025-03-30,75440859.30617432
1743379200,82325.4,83870.8,81270.3,82523.0,82644.7,1694.68667333,34525,2025-03-31,139850628.3432116
1743465600,82523.0,85500.0,82415.9,85201.1,84407.5,1757.72329983,32168,2025-04-01,149759958.64114583
1743552000,85201.2,89042.7,82141.5,82508.1,85365.3,3582.61285579,60894,2025-04-02,295594579.76680696
1743638400,82508.1,83911.0,81177.7,83132.9,82525.0,1942.46384857,43968,2025-04-03,161482652.87678495
1743724800,83133.0,84709.7,81657.9,83840.8,83300.7,1986.99314277,51567,2025-04-04,166591094.68435103
1743811200,83840.8,84200.0,82400.0,83508.9,83259.6,660.17840044,17803,2025-04-05,55130772.02450392
1743897600,83508.9,83680.0,77057.7,78363.4,79741.0,3692.97635392,55566,2025-04-06,289394183.2127745
1743984000,78364.8,81323.6,74409.1,79130.1,77488.6,5198.34711859,108467,2025-04-07,411345727.3287386
1744070400,79130.1,80800.0,76164.6,76276.5,78394.7,2455.53545248,54687,2025-04-08,187299649.94109073
1744156800,76276.5,83548.9,74572.5,82556.3,79306.2,5271.68867973,81398,2025-04-09,435211112.15039384
1744243200,82556.3,82676.5,78451.2,79552.1,80756.2,2270.09893668,43657,2025-04-10,180591137.62066105
1744329600,79552.1,84261.7,78914.7,83420.1,82322.9,3024.32123334,44081,2025-04-11,252289179.71734616
1744416000,83420.1,85850.9,82750.0,85284.1,84536.5,1932.99267705,27815,2025-04-12,164853540.76879993
1744502400,85284.1,86037.9,83025.5,83719.0,84338.0,1742.34127120,31815,2025-04-13,145867068.88359278
1744588800,83719.8,85792.1,83708.2,84530.7,84691.0,2420.34075325,33858,2025-04-14,204593098.11074978
1744675200,84530.7,86401.0,83600.0,83633.5,85053.5,1433.04466000,30919,2025-04-15,119850540.57211
1744761600,83633.5,85419.7,83146.0,84023.8,84115.0,1861.93037475,34648,2025-04-16,156446465.42191905
1744848000,84027.5,85444.0,83777.2,84910.1,84589.9,931.39734032,25008,2025-04-17,79085041.30630524
1744934400,84910.1,85087.9,84295.4,84472.5,84622.0,450.65472146,17835,2025-04-18,38067930.95852985
1745020800,84472.5,85611.7,84384.6,85121.3,85112.0,405.53513245,17697,2025-04-19,34519677.66981619
1745107200,85121.3,85309.2,84007.4,85150.1,84810.8,517.72668291,15671,2025-04-20,44084478.822454795
1745193600,85150.0,88490.0,85150.0,87500.6,87265.6,1901.27490018,35012,2025-04-21,166362694.53069013
1745280000,87500.7,93888.0,87100.0,93472.0,90814.6,2972.04826005,55130,2025-04-22,277803294.96339357
1745366400,93472.0,94635.1,91949.5,93677.0,93453.9,2009.60322068,48047,2025-04-23,188253600.90364036
1745452800,93677.0,94000.0,91711.0,93999.9,93011.6,1079.24734065,28565,2025-04-24,101449142.09636593
1745539200,94000.0,95837.7,92900.0,94717.1,94536.3,2253.19370406,39718,2025-04-25,213415973.38682145
1745625600,94717.2,95189.5,93907.5,94663.5,94444.7,499.11003555,22248,2025-04-26,47247502.85028743
1745712000,94663.5,95348.5,93621.5,93817.0,94208.2,532.00913019,17412,2025-04-27,49911500.56703523
1745798400,93817.0,95600.0,92900.0,94998.1,94444.4,1257.55300882,32846,2025-04-28,119465146.48718326
1745884800,94998.1,95469.2,93809.5,94269.6,94878.4,1566.10548205,28586,2025-04-29,147636137.3506607
1745971200,94269.7,95195.0,92970.5,94205.4,94157.6,1082.84442265,32434,2025-04-30,102009791.9735123
1746057600,94205.4,97407.8,94148.3,96469.9,96040.0,1646.02664605,33027,2025-05-01,158792025.94177887
1746144000,96469.9,97885.0,96386.7,96920.7,97119.7,1190.74799924,29094,2025-05-02,115408129.60994026
1746230400,96920.7,96922.3,95785.9,95869.9,96257.3,632.75891805,20316,2025-05-03,60662534.197561696
1746316800,95869.9,96298.0,94153.2,94303.1,95477.6,754.03636157,20904,2025-05-04,71107966.40877187
1746403200,94303.1,95173.9,93570.1,94727.0,94243.6,1059.28534793,28463,2025-05-05,100342923.1533651
1746489600,94727.0,96877.8,93398.5,96816.7,94662.4,1231.56700197,27555,2025-05-06,119236252.95962891
1746576000,96816.7,97650.0,95824.0,97031.4,96853.5,1362.55596122,32050,2025-05-07,132210712.49552229
1746662400,97031.4,104082.5,96874.9,103228.0,100467.9,2992.17010376,52489,2025-05-08,308875735.4709373
1746748800,103228.0,104319.1,102344.7,102976.9,103070.0,1329.71839936,33114,2025-05-09,136930278.63905478
1746835200,102977.0,104943.7,102833.3,104800.0,103707.7,696.03309136,23133,2025-05-10,72944267.974528
1746921600,104799.9,104919.7,103326.8,104119.0,104278.0,779.51384444,23208,2025-05-11,81162201.96924835
1747008000,104119.0,105728.8,100772.6,102825.0,103324.7,1868.93678433,44929,2025-05-12,192173424.84873223
1747094400,102825.1,104980.0,101525.1,104156.7,103655.7,1104.39123118,33512,2025-05-13,115029746.14864591
1747180800,104156.8,104280.1,102591.5,103589.7,103547.7,1023.73775034,26016,2025-05-14,106048686.4363955
1747267200,103589.7,104123.0,101441.6,103761.7,102771.3,982.20702525,32884,2025-05-15,101915470.69188292
1747353600,103761.7,104500.0,103130.0,103500.1,103907.8,933.96180688,22845,2025-05-16,96665140.4082607
1747440000,103500.1,103697.1,102690.0,103169.1,103049.9,407.46473368,17841,2025-05-17,42037769.85550529
1747526400,103169.1,106631.8,103148.2,106525.6,104781.9,1948.96356360,27890,2025-05-18,207614512.99062818
1747612800,106525.6,107042.1,102100.0,105637.7,104246.8,2055.76779214,35834,2025-05-19,217166581.29574767
1747699200,105637.7,107262.6,104269.0,106855.6,105972.5,1713.73055867,30638,2025-05-20,183121707.08501807
1747785600,106855.6,110698.0,106155.0,109675.1,108028.1,3333.80572063,57004,2025-05-21,365635475.79066736
1747872000,109675.1,111983.2,109287.2,111711.1,111056.4,2139.00157259,42994,2025-05-22,238950218.57575873
1747958400,111711.1,111785.3,106824.0,107333.5,109476.8,2574.58399048,45888,2025-05-23,276339110.74218506
1748044800,107333.5,109503.4,106905.8,107824.2,108423.4,519.31653454,23116,2025-05-24,55994889.88354787
1748131200,107824.2,109300.5,106672.9,109040.4,107633.8,625.52457767,23777,2025-05-25,68207450.15896787
1748217600,109040.4,110352.0,108780.0,109468.6,109659.2,988.86666387,23186,2025-05-26,108249849.28051949
1748304000,109468.6,110742.6,107600.0,109004.9,109537.7,1023.08446766,27976,2025-05-27,111521220.08883153
1748390400,109004.9,109250.0,106805.1,107811.7,108040.1,958.88789718,25679,2025-05-28,103379334.304401
1748476800,107811.7,108888.0,105348.4,105632.4,106980.5,1219.04523124,32855,2025-05-29,128770673.48443617
1748563200,105632.5,106333.8,103641.3,104019.7,104874.8,1368.35162927,36409,2025-05-30,142335525.97117662
1748649600,104019.7,104933.2,103169.0,104662.0,103990.2,513.90701088,22339,2025-05-31,53786535.57272256
1748736000,104662.0,105879.7,103850.0,105712.4,104830.8,576.91217477,18375,2025-06-01,60986770.58415614
1748822400,105712.4,105927.2,103737.7,105920.3,104824.0,948.96006617,25005,2025-06-02,100514134.89674625
1748908800,105920.4,106820.0,104984.1,105446.0,105984.3,774.51639796,23379,2025-06-03,81669656.09929015
1748995200,105446.0,106000.0,104279.0,104745.4,105153.7,613.15079450,20721,2025-06-04,64224725.230220295
1749081600,104745.4,105948.1,100400.0,101579.7,102868.5,1744.40004480,39399,2025-06-05,177195633.23077056
1749168000,101579.7,105360.1,101211.5,104376.0,103738.0,877.21259649,30933,2025-06-06,91559941.97124024
1749254400,104376.0,105929.0,104000.1,105654.5,105280.0,492.00974469,17352,2025-06-07,51983043.570349604
1749340800,105654.6,106477.0,105082.3,105754.2,105777.2,568.50781065,16520,2025-06-08,60122088.70904223
1749427200,105754.2,110550.0,105392.3,110280.0,108078.0,1264.78416755,34364,2025-06-09,139480397.997414
1749513600,110280.0,110373.0,108342.2,110273.6,109426.8,1180.06772837,34244,2025-06-10,130130316.65118203
1749600000,110273.6,110411.0,108139.5,108702.0,109416.0,810.07191598,31080,2025-06-11,88056437.41085796
1749686400,108701.9,108790.2,105760.0,105760.1,107426.4,1512.14504927,31559,2025-06-12,159924611.62530014
1749772800,105760.1,106137.5,102812.3,106122.3,104573.3,2109.12032495,45219,2025-06-13,223824699.8604414
1749859200,106122.3,106172.3,104400.0,105479.4,105008.5,392.68291073,15535,2025-06-14,41419957.81405396
1749945600,105479.4,106090.0,104529.0,105581.4,105309.0,334.89355425,16175,2025-06-15,35358530.30869095
1750032000,105581.5,108924.6,105019.3,106800.1,107271.0,1209.96185990,28439,2025-06-16,129224047.633506
1750118400,106800.1,107725.1,103400.0,104622.4,105370.0,1348.24204708,34408,2025-06-17,141056318.7464226
1750204800,104622.5,105529.9,103567.6,104892.0,104611.5,808.40984268,29962,2025-06-18,84795725.21839055
1750291200,104891.9,105226.5,103931.6,104675.2,104705.2,1124.90399547,19859,2025-06-19,117749550.70662133
1750377600,104675.2,106470.0,102388.9,103292.0,104326.5,1051.84794845,31462,2025-06-20,108647478.2912974
1750464000,103300.0,103995.5,100933.5,102144.0,102402.8,938.91408133,24154,2025-06-21,95904439.92337152
1750550400,102153.0,103380.5,98277.2,100987.9,100656.6,2331.29507485,49313,2025-06-22,235432593.88944432
1750636800,100987.9,106022.4,99700.0,105382.0,103024.9,2634.94718822,44740,2025-06-23,277676004.58900005
1750723200,105382.1,106309.1,104777.0,106100.0,105474.1,1570.51099254,34329,2025-06-24,166631216.308494
1750809600,106100.0,108165.5,105888.2,107360.0,107124.2,1754.36948813,29218,2025-06-25,188349108.2456368
1750896000,107360.0,108289.0,106677.4,106945.0,107443.2,853.71800679,25837,2025-06-26,91300872.23615655
1750982400,106945.1,107712.1,106477.2,107115.4,107005.2,641.63539679,23816,2025-06-27,68729032.18131956
1751068800,107115.4,107544.2,106918.4,107325.1,107301.1,426.13417634,14416,2025-06-28,45734893.08910814
1751155200,107325.1,108460.7,107228.2,108387.2,107922.4,500.30910662,18794,2025-06-29,54227103.20104326
1751241600,108387.3,108792.0,106800.0,107120.3,107733.0,1284.90327778,28289,2025-06-30,137639224.58677694
1751328000,107120.3,107540.2,105312.0,105700.1,106400.4,1563.00869422,32566,2025-07-01,165210175.27992344
1751414400,105700.1,109794.7,105116.4,108846.9,107968.2,1536.06930747,37180,2025-07-02,167196382.30325633
1751500800,108846.9,110547.2,108600.0,109631.0,109718.1,1217.20713722,33634,2025-07-03,133443635.66056582
1751587200,109631.0,109746.6,107299.9,108018.9,108314.8,767.00000078,30504,2025-07-04,82850496.38425474
1751673600,108018.9,108379.0,107829.7,108249.5,108142.3,162.62986088,15788,2025-07-05,17604601.125329558
1751760000,108249.5,109650.0,107825.2,109223.2,108785.3,429.83917537,18738,2025-07-06,46948410.21927258
1751846400,109223.2,109700.0,107520.3,108282.1,108319.1,700.49319689,25284,2025-07-07,75850874.39496268
1751932800,108282.1,109199.3,107500.0,108931.9,108631.7,644.78003062,26005,2025-07-08,70237113.81749478
1752019200,108932.0,112000.0,108375.3,111323.7,110333.0,1496.22692802,35426,2025-07-09,166565517.66682008
1752105600,111323.7,116800.0,110600.0,115990.2,113437.3,2132.21885030,49731,2025-07-10,247316490.89006707
1752192000,115990.2,118818.4,115212.5,117532.6,117446.7,1812.50787842,54355,2025-07-11,213028763.4711865
1752278400,117532.6,118235.6,116977.1,117461.0,117614.5,511.21582262,22884,2025-07-12,60047921.74076782
1752364800,117461.0,119499.0,117277.3,119102.1,118637.2,881.15155301,27528,2025-07-13,104947000.38175233
1752451200,119102.2,123140.0,118961.2,119855.0,120989.0,2308.79159766,58297,2025-07-14,276720216.93753934
1752537600,119855.0,119900.0,115712.2,117741.0,117320.5,2166.68674700,54750,2025-07-15,255107864.27852702
1752624000,117741.0,120049.5,117094.0,118712.6,118875.8,1159.57587636,41246,2025-07-16,137656267.17997414
1752710400,118712.6,120999.6,117527.0,119321.0,119033.4,1135.01654311,41635,2025-07-17,135431308.9404283
1752796800,119321.0,120833.7,116929.6,118011.9,118861.1,1203.98745899,47701,2025-07-18,142084847.61158198
1752883200,118011.9,118550.0,117382.5,117909.1,118096.4,310.77654865,22654,2025-07-19,36643383.15242772
1752969600,117909.1,118867.0,116600.0,117319.1,117945.1,583.19439300,28139,2025-07-20,68419841.3118063
1753056000,117319.0,119630.4,116623.7,117461.0,118113.7,1065.22315704,38151,2025-07-21,125122177.24907543
1753142400,117461.0,120237.5,116260.0,119977.5,118635.4,1256.61089025,36977,2025-07-22,150765033.08496937
1753228800,119977.5,120100.0,117411.0,118735.3,118213.6,1088.89687083,35883,2025-07-23,129290496.62706129
1753315200,118735.3,119489.8,117316.0,118386.9,118494.4,946.99617232,30740,2025-07-24,112111941.1528306
1753401600,118387.5,118452.0,114733.1,117628.1,116140.8,1610.09496959,55911,2025-07-25,189392412.0924295
1753488000,117628.1,118276.6,117197.6,117937.5,117834.7,458.69314606,19558,2025-07-26,54097122.91345125
1753574400,117937.6,119793.4,117863.8,119455.0,118792.1,543.22792339,21777,2025-07-27,64891291.58855245
1753660800,119455.1,119779.9,117425.9,117979.7,118296.0,842.48589207,30618,2025-07-28,99396232.80065097
1753747200,117979.7,119200.0,117000.0,117923.0,117870.7,892.95161110,30776,2025-07-29,105299532.8357453
1753833600,117916.9,118749.4,115800.0,117820.7,117316.9,1013.24696846,34622,2025-07-30,119381467.0968351
1753920000,117820.7,118918.9,115500.0,115762.3,117647.8,1086.55871649,36555,2025-07-31,125782536.10593034
1754006400,115762.4,116000.0,112688.1,113290.2,114697.5,1962.10678600,67648,2025-08-01,222287470.2072972
1754092800,113290.1,114008.2,112000.0,112525.2,113013.8,897.37152839,32176,2025-08-02,100976910.70639043
1754179200,112525.2,114742.9,111897.1,114224.1,113897.2,584.59505722,23993,2025-08-03,66774844.275403
1754265600,114224.1,115700.0,114137.1,115092.1,114925.4,916.35580203,30583,2025-08-04,105465313.60281697
1754352000,115092.1,115092.1,112629.7,114115.0,113831.9,839.84002204,30838,2025-08-05,95838344.1150946
1754438400,114115.0,115713.6,113400.0,115010.0,114641.0,745.22602982,23867,2025-08-06,85708445.6895982
1754524800,115010.0,117643.3,114280.0,117498.1,116434.4,968.96659582,31279,2025-08-07,113851733.97231795
1754611200,117498.1,117663.0,115946.0,116676.0,116748.7,639.05095743,34626,2025-08-08,74561909.50910269
1754697600,116676.0,117869.4,116282.1,116467.4,116800.8,698.46357348,24014,2025-08-09,81348236.39792456
1754784000,116467.4,119288.4,116467.3,119288.4,118307.1,1143.03812644,26695,2025-08-10,136351189.2420253
1754870400,119288.4,122273.5,118100.0,118724.5,120435.5,2083.44714105,48486,2025-08-11,247356220.0975907
1754956800,118724.5,120303.2,118255.0,120172.0,119308.3,1114.87548358,32273,2025-08-12,133976816.61277576
1755043200,120172.1,123724.7,118918.3,123354.3,121581.6,2664.42357041,48756,2025-08-13,328668104.4314263
1755129600,123354.3,124420.0,117250.0,118383.1,119792.3,3457.59102418,57912,2025-08-14,409320343.9746034
1755216000,118383.1,119312.7,116560.9,117426.7,118123.6,1280.98937196,35538,2025-08-15,150422354.68433532
1755302400,117426.7,117947.4,117284.0,117487.5,117675.2,325.52589508,21263,2025-08-16,38245223.5982115
1755388800,117487.5,118550.2,117295.3,117441.3,118040.9,441.38200244,24736,2025-08-17,51836476.16315678
1755475200,117441.3,117593.3,114715.9,116260.0,115802.7,1270.68039197,45017,2025-08-18,147729302.3704322
1755561600,116259.9,116766.0,112750.0,112830.3,114341.3,1574.02335208,41393,2025-08-19,177597527.02219203
1755648000,112830.4,114612.1,112400.0,114262.7,113496.5,1251.42753344,33417,2025-08-20,142991488.8251947
1755734400,114273.8,114738.6,112036.0,112462.5,113000.6,767.13809096,29275,2025-08-21,86274267.554589
1755820800,112475.0,117354.0,111676.0,116817.9,115185.2,1700.58599553,45164,2025-08-22,198658884.76722398
1755907200,116817.9,116975.0,114551.1,115344.1,115328.9,684.74320783,22197,2025-08-23,78981089.0382643
1755993600,115344.1,115530.9,110692.2,113456.1,113331.4,1245.12925903,35433,2025-08-24,141267509.7254336
1756080000,113456.1,113619.8,109304.8,110144.9,111154.3,2518.48438133,51073,2025-08-25,277398210.3331547
1756166400,110145.0,112395.6,108734.6,111829.3,110258.9,1340.09425419,41684,2025-08-26,149861802.38008976
1756252800,111829.3,112603.4,110434.3,111268.6,111592.6,1107.07602036,32837,2025-08-27,123182798.87902871
1756339200,111268.6,113457.9,110902.6,112563.7,112533.4,1322.35665031,28145,2025-08-28,148849357.27849975
1756425600,112563.7,112570.0,107505.0,108400.1,109606.1,1709.81321643,53833,2025-08-29,185343923.64233366
1756512000,108400.1,108926.8,107352.6,108750.0,108466.4,819.57478239,24357,2025-08-30,89128757.5849125
1756598400,108750.0,109490.8,108113.5,108250.0,108787.4,668.71621126,23625,2025-08-31,72388529.86889501
1756684800,108250.1,109813.2,107255.0,109263.5,108601.9,1327.31244841,36902,2025-09-01,145026803.70684603
1756771200,109258.5,111737.8,108457.0,111196.9,110541.0,1796.73871506,34847,2025-09-02,199791775.2246553
1756857600,111196.9,112537.6,110600.0,111771.1,111696.0,1459.83901213,30457,2025-09-03,163167812.20868343
1756944000,111771.1,112193.7,109369.8,110744.3,110469.3,1058.26938089,29104,2025-09-04,117197301.79809643
1757030400,110744.4,113372.1,110231.4,110647.8,111620.8,1534.28592621,44528,2025-09-05,169765362.30609885
1757116800,110647.8,111243.0,110036.7,110254.9,110604.9,278.56738600,19873,2025-09-06,30713419.286691397
1757203200,110254.9,111526.8,110239.0,111152.8,111070.2,343.94637098,20132,2025-09-07,38230602.18426574
1757289600,111152.8,112864.4,110667.7,112050.1,111783.1,896.74722811,31097,2025-09-08,100480616.58444832
1757376000,112050.1,113200.0,110815.3,111541.0,111732.3,1503.08477297,37596,2025-09-09,167655578.66184676
1757462400,111541.0,114300.0,110934.0,113952.8,113302.3,2308.60066981,39925,2025-09-10,263071510.406725
1757548800,113952.8,115500.0,113400.0,115500.0,114278.4,1616.99923963,37146,2025-09-11,186763412.177265
1757635200,115500.0,116743.3,114813.3,116111.7,115650.9,1729.63497907,44075,2025-09-12,200830857.79928213
1757721600,116111.7,116350.8,115251.1,115949.1,115819.1,764.35719246,26555,2025-09-13,88626528.54426378
1757808000,115949.1,116149.9,115238.9,115390.6,115666.2,527.96758749,24762,2025-09-14,60922496.7010236
1757894400,115390.6,116700.0,114158.2,115374.9,115153.8,1347.05158134,35356,2025-09-15,155415941.49194434
1757980800,115375.0,116961.3,114800.0,116764.2,115974.0,1041.15556181,43550,2025-09-16,121569696.2502952
1758067200,116764.2,117291.9,114799.9,116469.0,116070.4,1663.59699611,41558,2025-09-17,193757478.5399356
1758153600,116469.1,117920.0,116201.1,117135.7,117372.7,1527.81928211,41956,2025-09-18,178962181.0834523
1758240000,117135.8,117441.2,115180.4,115677.2,116254.9,731.02207630,32159,2025-09-19,84562586.92457035
1758326400,115677.2,116176.8,115511.0,115739.1,115883.8,198.73713023,24027,2025-09-20,23001656.589402992
1758412800,115739.1,115874.6,115259.4,115298.9,115540.0,339.56591394,19622,2025-09-21,39151576.35477666
1758499200,115299.0,115410.0,111730.3,112747.8,113255.2,1845.89416390,43901,2025-09-22,208120506.01256442
1758585600,112747.8,113318.9,111557.0,112001.5,112364.4,1221.74758455,31305,2025-09-23,136837562.09097683
1758672000,112001.5,113954.3,111111.0,113300.0,112955.7,1184.72036540,27600,2025-09-24,134228817.39982
1758758400,113300.0,113500.0,108680.5,109049.8,110642.4,2101.93860055,44926,2025-09-25,229215984.0022574
1758844800,109049.8,110354.8,108677.5,109706.3,109356.3,1454.36483037,37281,2025-09-26,159552984.39002034
1758931200,109706.4,109760.5,109177.6,109720.5,109478.1,210.26162005,17630,2025-09-27,23070010.082696024
1759017600,109720.5,112367.8,109225.4,112127.8,110404.9,610.65036389,23820,2025-09-28,68470881.87218514
1759104000,112127.8,114413.4,111628.0,114365.2,113049.8,994.12194934,32044,2025-09-29,113692955.56065896
1759190400,114365.3,114798.0,112764.3,113995.0,113666.7,1135.44627222,29719,2025-09-30,129435197.8017189
1759276800,113995.0,118708.6,113971.1,118599.9,116727.4,1533.21740736,42089,2025-10-01,181839431.19115525
1759363200,118600.0,121008.9,118344.4,120649.9,119606.3,1979.77341960,43463,2025-10-02,238859465.097398
1759449600,120650.0,123930.9,119350.0,122259.5,121740.7,2007.82821478,48734,2025-10-03,245476073.62489542
1759536000,122259.5,122843.7,121620.0,122426.4,122223.9,641.28281174,25563,2025-10-04,78509946.02320594
1759622400,122426.4,125670.0,122250.0,123542.1,123932.3,1545.18801848,41840,2025-10-05,190895772.697858
1759708800,123542.1,126198.1,123144.1,124766.5,124924.9,2341.31910603,50258,2025-10-06,292118190.242492
1759795200,124765.9,125207.2,120694.6,121419.8,123098.9,2070.45487331,59378,2025-10-07,251394216.62632555
1759881600,121419.8,124150.0,121104.2,123329.7,122652.9,1020.41603294,41382,2025-10-08,125847603.21768032
1759968000,123329.8,123750.9,119750.0,121699.0,121552.0,1924.89637846,51169,2025-10-09,234257964.36220354
1760054400,121699.0,122498.0,100000.0,113000.1,114483.1,5796.16318469,147239,2025-10-10,654967019.4862885
1760140800,113000.0,113423.0,109760.0,110775.1,111649.9,2186.21310184,70277,2025-10-11,242177974.9776362
1760227200,110775.2,115780.0,109694.9,115125.3,113272.2,1868.03446925,57078,2025-10-12,215058028.68274704
1760313600,115125.3,115977.7,113705.8,115165.5,115082.0,1579.52366955,48835,2025-10-13,181906633.1655605
1760400000,115176.9,115457.2,110000.0,113106.2,112339.2,2781.92775819,59318,2025-10-14,314653277.40338975
1760486400,113106.3,113600.0,110252.0,110781.9,111471.5,1561.98170243,49217,2025-10-15,173039300.76043
1760572800,110781.9,111950.0,107483.0,108182.3,109608.0,2981.42761229,64701,2025-10-16,322537696.38104045
1760659200,108182.3,109245.0,103583.2,106451.0,106159.9,3500.65355169,84562,2025-10-17,372648071.2309522
1760745600,106451.0,107492.6,106365.2,107199.0,107016.4,667.21371697,28629,2025-10-18,71524643.24546702
1760832000,107199.0,109444.0,106125.2,108669.8,108056.3,1094.24797232,62853,2025-10-19,118911708.30241993
1760918400,108669.8,111700.1,107466.8,110574.4,110692.6,2444.93609142,49897,2025-10-20,270347341.34711164
1761004800,110574.4,114000.0,107500.0,108406.1,110557.5,2574.39483883,91402,2025-10-21,279080104.33768886
1761091200,108406.1,109156.4,106717.0,107644.1,107982.5,2289.04304972,54932,2025-10-22,246401978.94836468
1761177600,107644.1,111296.0,107556.3,110080.0,109718.6,1567.70405963,39410,2025-10-23,172572862.8840704
1761264000,110080.0,112400.0,109757.8,111000.0,110932.1,1671.40522006,41259,2025-10-24,185525979.42666
1761350400,111000.0,111925.9,110700.0,111645.2,111480.7,592.60922744,25538,2025-10-25,66161975.71938429
1761436800,111645.2,115400.0,111274.3,114509.9,113059.8,1123.19813736,31927,2025-10-26,128617306.38927984
1761523200,114510.0,116309.8,113801.4,114153.0,115173.4,1240.02265074,34746,2025-10-27,141552305.64992324
1761609600,114153.1,116023.4,112278.2,112918.0,114195.2,1429.37148677,37581,2025-10-28,161401769.54309487
1761696000,112918.0,113601.0,109251.0,110104.2,111575.9,2290.14839646,45532,2025-10-29,252154957.07351115
1761782400,110104.2,111561.5,106280.5,108302.7,108552.9,2746.36016547,63032,2025-10-30,297438221.09284776
1761868800,108302.7,111000.0,108302.6,109552.7,109665.5,1397.85674081,44064,2025-10-31,153138980.1689357
1761955200,109552.7,110421.0,109370.0,110018.0,109949.8,493.03956937,16773,2025-11-01,54243227.34294866
1762041600,110018.0,111058.9,109428.7,110589.6,110469.2,1606.34489563,27557,2025-11-02,177645039.46976346
1762128000,110589.6,110699.6,105200.2,106538.3,107272.0,3041.49432533,63833,2025-11-03,324035634.8803051
1762214400,106538.3,107258.7,98900.0,101537.3,102229.3,4042.67872336,107509,2025-11-04,410482682.3374213
1762300800,101537.2,104499.9,98943.9,103900.0,102548.9,2345.09075062,57097,2025-11-05,243654928.989418
1762387200,103900.0,104115.9,100266.0,101290.1,102122.6,1620.67070443,51975,2025-11-06,164157897.71878514
1762473600,101290.1,103995.0,99222.0,103279.9,101365.1,4524.16031077,84042,2025-11-07,467254824.4802945
1762560000,103279.9,103320.0,101489.9,102282.1,102309.8,689.53268630,28780,2025-11-08,70526851.17340523
1762646400,102282.1,105431.9,101430.0,104729.8,103550.6,1150.90927058,34551,2025-11-09,120534497.7259893
1762732800,104729.9,106593.5,104300.0,105973.3,105740.0,1420.28427243,43168,2025-11-10,150512211.28750613
1762819200,105973.3,107400.0,102469.8,103011.5,104540.9,1263.88999948,39519,2025-11-11,130195204.681434
1762905600,103011.5,105274.0,100796.0,101666.6,103137.3,1526.21906105,42892,2025-11-12,155165502.79214594
1762992000,101666.7,103999.0,98000.0,99680.1,100253.1,2416.14865760,71617,2025-11-13,240841939.8044338
1763078400,99680.1,99806.9,94000.0,94517.3,96309.5,3754.76439230,93685,2025-11-14,354890192.4963368
1763164800,94500.1,96700.0,94478.5,95537.9,95925.8,1370.48193522,34520,2025-11-15,130932966.07885483
1763251200,95538.0,96498.8,92890.6,94190.1,94629.4,1369.02836588,45704,2025-11-16,128948918.6850738
1763337600,94190.1,95888.0,91150.0,92101.3,93194.0,3115.70911020,61320,2025-11-17,286960859.4712633
1763424000,92101.3,93747.3,89251.9,92966.1,91528.0,2990.39820727,64917,2025-11-18,278005658.77688354
1763510400,92966.1,92966.1,88547.0,91427.7,90136.3,3784.02281506,61358,2025-11-19,345964502.72846115
1763596800,91427.7,93003.7,86000.0,86503.0,88316.1,5152.09873658,70290,2025-11-20,445671997.01037973
1763683200,86503.0,87331.7,80595.2,85069.4,83963.1,6608.84974064,97219,2025-11-21,562210882.1264004
1763769600,85069.4,85555.0,83432.8,84679.9,84226.7,1599.92840458,34886,2025-11-22,135481777.30699393
1763856000,84679.9,88061.8,84679.8,86777.4,86700.9,2076.34614304,40458,2025-11-23,180179919.79303926
1763942400,86777.5,89200.0,85250.0,88275.0,87304.2,2265.94813353,50798,2025-11-24,200026571.48736078
1764028800,88275.0,88432.1,86100.0,87326.3,87335.5,1646.42577746,46324,2025-11-25,143776271.3702052
1764115200,87326.4,90600.0,86299.5,90535.7,88648.6,2015.49856533,53655,2025-11-26,182474573.46114728
1764201600,90535.7,91878.9,90088.8,91281.4,91267.3,1551.69050701,42954,2025-11-27,141640481.8465826
1764288000,91281.4,93050.0,90250.0,90912.7,91602.8,1616.69780823,46210,2025-11-28,146978362.8302715
1764374400,90912.7,91179.5,90247.4,90833.6,90734.8,377.98142984,24355,2025-11-29,34333414.00551462
1764460800,90833.6,91928.1,90351.0,90373.9,91164.7,546.48402173,26223,2025-11-30,49387892.33142484
1764547200,90373.9,90378.7,83870.8,86300.0,86140.2,3761.14154886,73049,2025-12-01,324586515.666618
1764633600,86300.0,92308.4,86203.8,91313.5,89681.4,2388.52099006,55570,2025-12-02,218104211.4258438
1764720000,91313.5,94051.6,91033.4,93457.9,92940.5,2163.37929928,63646,2025-12-03,202184886.2141803
1764806400,93458.0,94000.0,90924.8,92142.6,92572.8,1479.64182353,48176,2025-12-04,136338044.6887954
1764892800,92142.6,92679.3,88095.2,89332.4,90352.1,1629.54516777,45614,2025-12-05,145571180.74529675
1764979200,89332.4,90274.4,88999.9,89240.1,89573.0,536.16129640,24750,2025-12-06,47847087.70686564
1765065600,89240.1,91713.7,87777.0,90435.1,89873.7,894.06391491,33275,2025-12-07,80854759.55127734
1765152000,90435.1,92269.6,89615.8,90650.1,90832.3,1726.41292912,42989,2025-12-08,156499504.66602093
1765238400,90650.1,94583.7,89545.1,92702.2,92059.9,2110.94087663,49865,2025-12-09,195688863.33352956
1765324800,92702.2,94489.0,91599.0,92019.8,92619.3,2098.01694668,52909,2025-12-10,193059099.83010426
1765411200,92019.8,93561.8,89281.4,92541.0,90903.2,2303.45862775,64612,2025-12-11,213164364.87061274
1765497600,92541.0,92751.0,89500.0,90277.2,91134.8,1638.12524986,55481,2025-12-12,147885360.8066612
1765584000,90277.2,90629.9,89797.1,90254.1,90230.2,397.33060557,25335,2025-12-13,35860716.20817534
1765670400,90254.2,90467.7,87582.5,88163.0,89180.7,1251.18023926,42891,2025-12-14,110307803.43387938
1765756800,88163.0,90038.8,85151.5,86434.3,87600.2,2526.05948530,79915,2025-12-15,218338183.37026578
1765843200,86434.3,88121.3,85263.6,87840.7,86986.2,2424.78911040,64059,2025-12-16,212995172.80991328
1765929600,87840.7,90318.3,85282.2,86207.8,87466.5,3098.54777664,74074,2025-12-17,267118987.0190258
1766016000,86205.5,89437.1,84421.4,85462.5,86886.2,3072.28769820,83736,2025-12-18,262565387.40741748
1766102400,85461.0,89335.0,85077.0,88105.2,87556.0,2580.22787773,72330,2025-12-19,227331493.21297717
1766188800,88105.2,88513.3,87800.0,88338.1,88174.0,589.89326073,27207,2025-12-20,52110049.85569281
1766275200,88338.1,89013.9,87601.8,88622.2,88231.3,783.03583975,34510,2025-12-21,69394358.79749244
1766361600,88623.7,90552.6,87863.6,88544.2,89347.9,2230.94698942,71053,2025-12-22,197537416.42060238
1766448000,88550.5,88888.8,86553.3,87416.4,87648.4,1607.29163674,54950,2025-12-23,140503648.63391852
1766534400,87416.4,87973.3,86271.4,87613.7,87237.8,1468.66888146,42582,2025-12-24,128675514.779572
1766620800,87613.7,88547.9,86944.9,87198.0,87850.4,574.28492676,28085,2025-12-25,50076497.04361848
1766707200,87183.0,89484.6,86611.7,87303.6,87962.7,1634.02144466,52356,2025-12-26,142655954.5960188
1766793600,87303.6,87913.3,87177.5,87802.6,87439.2,416.75063851,25005,2025-12-27,36591789.61283813
1766880000,87814.4,87998.9,87364.3,87853.3,87730.1,659.23011207,24776,2025-12-28,57915540.80471934
1766966400,87865.9,90298.9,86700.0,87135.1,88408.0,2800.12927258,66805,2025-12-29,243989544.17918557
1767052800,87135.1,89298.0,86736.5,88401.9,88088.7,1179.54982826,50854,2025-12-30,104274445.96285768
1767139200,88400.1,89067.4,87101.5,87500.1,87956.7,1496.30460630,51205,2025-12-31,130926802.68171063
1767225600,87500.2,88779.3,87400.0,88731.8,87859.4,1157.56340883,30709,2026-01-01,102712684.8796218
1767312000,88730.0,90900.0,88273.3,89934.0,89680.5,1901.88268120,69404,2026-01-02,171043917.0510408
1767398400,89934.0,90677.5,89300.0,90590.1,90019.9,1113.01038596,36169,2026-01-03,100827722.165155
1767484800,90590.1,91768.3,90590.0,91507.0,91253.4,843.08377896,36243,2026-01-04,77148067.36129272
1767571200,91507.0,94783.9,91489.5,93866.9,93229.4,2070.65294098,70820,2026-01-05,194365772.54567555
1767657600,93866.9,94401.8,91230.8,93711.8,93009.8,1922.19143894,64655,2026-01-06,180132019.68765748
1767744000,93711.8,93712.5,90591.9,91273.3,91606.5,1459.64933288,54362,2026-01-07,133227011.45475611
1767830400,91273.3,91584.7,89225.0,91029.1,90418.9,1420.71893835,56236,2026-01-08,129326766.31095599
1767916800,91029.1,91955.9,89603.4,90513.2,90814.5,1421.78018190,55767,2026-01-09,128689873.96035106
1768003200,90513.3,90699.7,90285.2,90375.2,90469.4,321.48562471,22420,2026-01-10,29054327.630291194
1768089600,90375.2,91132.3,90100.0,90849.8,90682.0,530.87904628,28579,2026-01-11,48230255.178728744
1768176000,90861.1,92364.1,89995.2,91190.9,91276.6,2284.21126004,60464,2026-01-12,208299280.59318164
1768262400,91191.0,96476.1,90938.2,95358.1,93534.7,2717.43674662,72166,2026-01-13,259129605.02786463
1768348800,95358.2,97899.7,94509.0,96933.3,96345.5,3358.96494088,75046,2026-01-14,325595556.3038033
1768435200,96933.4,97151.1,95101.0,95559.4,96071.0,1870.71045174,60044,2026-01-15,178763968.34200335
1768521600,95559.5,95800.0,94260.4,95510.9,95263.8,1432.87811291,50358,2026-01-16,136855478.1543357
1768608000,95510.3,95600.0,95002.6,95089.9,95286.9,334.73351982,24047,2026-01-17,31829776.926331818
1768694400,95089.9,95480.8,93554.6,93632.6,94737.9,792.58979663,27682,2026-01-18,74212243.39193815
1768780800,93626.8,93626.8,91866.0,92546.5,92652.9,1735.79435983,49740,2026-01-19,160641692.7220071
1768867200,92546.5,92805.9,87784.4,88309.9,90050.9,2628.22252262,79549,2026-01-20,232098068.1503199
1768953600,88309.9,91111.7,87200.0,89372.9,89068.7,3765.13002971,90105,2026-01-21,336500589.63226885
1769040000,89372.9,90261.7,88422.6,89454.2,89363.3,1500.85044825,57433,2026-01-22,134257376.16784516
1769126400,89454.2,91099.5,88470.9,89495.0,89582.9,1485.49059313,59936,2026-01-23,132943980.63216935
1769212800,89495.0,89786.3,89038.1,89079.6,89375.3,303.01299688,22602,2026-01-24,26992276.55687165
1769299200,89079.6,89177.0,86007.0,86572.3,87452.5,2608.90318078,58709,2026-01-25,225858748.83744043
1769385600,86572.3,88747.4,86430.5,88247.4,87780.0,2077.30597333,56017,2026-01-26,183316851.15084183
1769472000,88247.4,89436.2,87206.2,89124.1,88396.3,1473.55500300,49580,2026-01-27,131329263.4428723
1769558400,89124.1,90438.3,88719.2,89159.6,89447.0,1530.59557618,55108,2026-01-28,136467289.33397835
1769644800,89159.7,89202.7,83220.3,84515.1,85752.0,3560.06626516,97061,2026-01-29,300879356.40662396
1769731200,84515.1,84596.4,81000.1,84124.7,82763.3,3530.88387558,103763,2026-01-30,297034546.76800483
1769817600,84124.7,84124.7,75600.0,78648.4,79526.6,5384.83063733,110483,2026-01-31,423508313.89698476
1769904000,78648.4,79315.2,75665.8,76882.2,77519.5,3709.28873436,69081,2026-02-01,285178278.33281237
1769990400,76892.4,79250.0,74543.0,78669.2,77291.8,3577.16204272,100333,2026-02-02,281412476.17114824
1770076800,78669.2,79120.2,72865.2,75662.0,76250.7,6511.58528902,110875,2026-02-03,492679566.1378313
1770163200,75662.0,76866.2,71722.0,73013.6,74073.1,5077.17894660,99607,2026-02-04,370703112.7354738
1770249600,73008.9,73156.8,62308.2,62858.1,67091.9,12178.16328649,221728,2026-02-05,765496205.6785171
1770336000,62858.0,71695.7,60500.0,70527.4,66733.4,7947.79594576,163709,2026-02-06,560537383.7849938
1770422400,70527.4,71631.2,67343.8,69268.8,69017.4,3089.77802979,70942,2026-02-07,214025216.38991755
1770508800,69249.9,72256.1,68855.4,70305.0,70651.4,1952.32923557,50700,2026-02-08,137258506.90674886
1770595200,70300.5,71369.9,68242.5,70087.2,69861.0,3069.03393327,62647,2026-02-09,215099995.08788115
1770681600,70103.9,70468.6,67875.1,68785.5,69035.2,2629.71508706,61978,2026-02-10,180886267.12096563
1770768000,68796.3,69228.6,65727.7,67052.3,67223.7,3232.30919447,67163,2026-02-11,216733765.8003608
1770854400,67039.6,68353.3,65072.2,66203.8,66747.8,3093.30565991,54321,2026-02-12,204788589.24754968
1770940800,66208.5,69437.4,65825.8,68837.0,68088.1,2236.61754178,59501,2026-02-13,153962041.72350985
1771027200,68820.1,70540.0,68709.7,69758.4,69648.6,2083.68571457,41266,2026-02-14,145354581.55125988
1771113600,69777.8,70935.2,68049.8,68780.0,69307.0,1337.85598017,39436,2026-02-15,92017734.31609261
1771200000,68780.0,70073.2,67271.1,68860.0,68313.0,1823.85056830,40680,2026-02-16,125590350.133138
1771286400,68860.0,69191.0,66592.4,67475.4,67704.4,2425.06462747,46109,2026-02-17,163632205.76438922
1771372800,67475.4,68418.9,65838.5,66425.7,66980.9,2104.36130640,44962,2026-02-18,139783672.8305345
1771459200,66425.7,67296.2,65620.1,66955.3,66613.5,1822.73964100,50126,2026-02-19,122042079.4850473
1771545600,66955.3,68266.3,66450.0,67998.2,67506.6,2693.11013022,59678,2026-02-20,183126641.25672558
1771632000,67998.2,68678.8,67538.0,67966.6,68304.9,1234.38506544,30035,2026-02-21,83896955.98873432
1771718400,67966.7,68214.5,67180.0,67612.1,67702.4,1136.42486701,28800,2026-02-22,76836071.75076683
1771804800,67612.1,67653.3,63888.0,64624.1,65178.2,3467.93376553,76148,2026-02-23,224112098.45698726
1771891200,64624.1,64971.0,62500.0,64061.9,63651.6,2664.92969011,68076,2026-02-24,170720459.3148578
1771977600,64062.0,70000.0,63921.3,67978.6,67275.6,3343.99123188,77458,2026-02-25,227319842.3554778
1772064000,67978.6,68855.4,66513.0,67461.5,67548.7,2028.81096764,63692,2026-02-26,136866631.09344587
1772150400,67484.2,68202.3,64925.0,65869.7,66240.5,2390.83995539,67031,2026-02-27,157483910.60955268
1772236800,65869.7,67725.2,63030.0,66985.6,65336.8,3124.02919913,80255,2026-02-28,209264970.32124254
1772323200,66985.7,68181.2,65056.4,65748.8,66464.9,2173.00247697,73551,2026-03-01,142872305.25780514
1772409600,65764.3,70100.0,65269.2,68808.4,67874.0,3242.04604694,93337,2026-03-02,223080001.21626627
1772496000,68810.8,69236.5,66164.3,68336.7,67747.8,2941.96133430,86976,2026-03-03,201043929.11365882
1772582400,68336.7,74062.1,67419.7,72684.8,71703.0,4884.24293756,114022,2026-03-04,355010221.06796116
1772668800,72684.8,73585.9,70612.7,70877.4,71864.8,3526.53835545,85359,2026-03-05,249951869.6345718
1772755200,70877.4,71386.4,67748.0,68128.0,69338.3,3227.19805329,80339,2026-03-06,219862548.97454113
1772841600,68111.4,68541.5,66962.1,67270.1,67669.2,1278.00093723,40531,2026-03-07,85971250.84755583
1772928000,67270.1,68177.4,65646.2,65978.7,66925.4,2434.33204494,54995,2026-03-08,160614063.69348276
1773014400,65978.7,69513.0,65839.6,68446.9,68293.7,2268.82364236,75288,2026-03-09,155293944.9662507
1773100800,68447.0,71781.1,68399.9,69955.4,70355.2,3264.28910205,77848,2026-03-10,228354649.84954855
1773187200,69955.4,71345.2,68971.6,70200.4,70291.3,2574.28260227,65186,2026-03-11,180715668.3923949
1773273600,70200.4,70787.1,69228.2,70520.8,70128.4,1860.65379355,54497,2026-03-12,131214794.04418086
1773360000,70526.3,73928.5,70200.0,70953.0,71936.5,3864.97387263,77741,2026-03-13,274231491.1847164
1773446400,70953.1,71300.0,70293.9,71210.6,70820.4,574.11245902,32538,2026-03-14,40882892.674289614
1773532800,71210.6,73200.0,70885.7,72835.7,71876.4,1109.99825898,40852,2026-03-15,80847500.19158958
1773619200,72826.7,74901.3,72304.0,74887.7,73793.5,3388.45307847,76038,2026-03-16,253753457.6045378
1773705600,74887.7,75998.1,73455.9,73929.9,74449.4,2902.67372253,66356,2026-03-17,214594378.0392706
1773792000,73930.0,74682.3,70500.0,71270.9,72203.8,2889.81549304,67068,2026-03-18,205959751.02290452
1773878400,71270.9,71623.9,68782.0,69911.9,70001.5,2809.93145539,64423,2026-03-19,196447646.91608012
1773964800,69916.6,71340.6,69400.0,70515.6,70230.6,1865.14043112,56755,2026-03-20,131521496.58468547
1774051200,70515.6,71071.7,68538.3,68907.7,70236.1,938.65954744,29737,2026-03-21,64680870.49713128
1774137600,68907.7,69569.5,67343.1,67857.1,68383.9,1438.32852543,48641,2026-03-22,97600802.58295606
1774224000,67857.1,71816.6,67443.2,70887.2,70204.8,2852.64979631,72531,2026-03-23,202216356.64098623
1774310400,70887.2,71369.0,68902.0,70515.6,70027.5,2158.45608189,58863,2026-03-24,152204825.68812248
1774396800,70515.6,71985.0,70374.0,71309.6,71203.0,1615.72178768,54706,2026-03-25,115216474.39074574
1774483200,71302.2,71406.2,68115.8,68780.4,69497.0,2565.93690916,60886,2026-03-26,176486166.98678845
1774569600,68780.4,69112.0,65519.7,66358.3,66736.4,2925.58018132,62960,2026-03-27,194136527.34608698
1774656000,66360.4,67237.8,65889.0,66321.7,66520.5,1188.30845698,37762,2026-03-28,78810636.99129046
1774742400,66321.8,67066.2,64960.0,65950.3,66128.6,1510.05083824,40486,2026-03-29,99588305.79717948
1774828800,65950.4,68105.1,65733.2,66725.0,67018.7,2721.49624973,54089,2026-03-30,181591837.26323423
1774915200,66725.0,68500.0,65939.0,68219.7,67282.7,2941.58055909,60710,2026-03-31,200673743.26695207
1775001600,68219.7,69250.0,67546.2,68098.5,68413.4,1845.16490076,59549,2026-04-01,125652961.99440485
1775088000,68098.5,68632.7,65688.2,66880.8,66835.8,2041.73883296,59549,2026-04-02,136553126.53943118
1775174400,66885.7,67369.0,66288.0,66933.0,66801.9,1402.96443343,39020,2026-04-03,93904618.4227702
1775260800,66932.9,67534.0,66790.0,67283.8,67133.0,850.49526169,25428,2026-04-04,57224553.088497624
1775347200,67283.8,69098.9,66618.0,68983.7,67475.8,1129.36541848,33690,2026-04-05,77907805.21879877
1775433600,68983.8,70463.7,68350.0,68861.4,69535.9,2039.17432787,52179,2026-04-06,140420399.0611872
1775520000,68861.3,72728.0,67734.9,71925.0,69783.3,2176.37959276,64261,2026-04-07,156536102.209263
1775606400,71925.0,72850.0,70703.0,71109.0,71615.3,1764.62548909,61588,2026-04-08,125480753.90370081
1775692800,71090.2,73130.5,70465.1,71803.5,71782.6,1623.23385044,58002,2026-04-09,116553871.78006853
1775779200,71803.5,73455.0,71429.8,72973.8,72493.0,1873.50973218,53503,2026-04-10,136717124.4941569
1775865600,72973.8,73800.0,72578.8,73060.6,73044.3,1073.00848553,38809,2026-04-11,78394643.75791311
1775952000,73060.6,73150.0,70517.7,70754.1,71424.1,1417.83489267,45748,2026-04-12,100317631.77946246
1776038400,70754.1,74966.2,70595.6,74441.7,72524.6,2194.42895802,67604,2026-04-13,163357022.16423744
1776124800,74441.2,76088.3,73858.9,74171.4,74903.4,3104.76504059,72128,2026-04-14,230284769.7316171
1776211200,74171.4,75438.8,73558.1,74810.1,74370.6,1995.39439006,62720,2026-04-15,149275653.8598276
1776297600,74810.1,75500.0,73310.6,75162.9,74532.9,2462.98214823,62954,2026-04-16,185124880.90919665
1776384000,75162.9,78343.6,74569.8,77117.4,76914.3,2994.99390869,73639,2026-04-17,230966143.25401017
1776470400,77117.4,77432.1,75500.0,75728.8,76330.1,873.62953918,43830,2026-04-18,66158916.64665439
1776556800,75728.8,76274.6,73809.7,73827.6,75007.0,1154.32176776,43366,2026-04-19,85220805.74147819
1776643200,73827.6,76588.0,73637.3,75848.3,75402.5,1806.24256924,55950,2026-04-20,137000428.26448628
1776729600,75848.3,77169.6,74850.0,76351.9,75964.6,2016.42495624,55151,2026-04-21,153957876.61634085
1776816000,76350.3,79490.7,76151.3,78204.0,78379.4,2385.07653286,65343,2026-04-22,186522525.17578346
1776902400,78204.0,78690.1,76984.3,78283.6,77894.5,1348.27125024,50456,2026-04-23,105547527.24528807
1776988800,78283.1,78580.7,77282.6,77455.0,77861.8,1515.52816204,46929,2026-04-24,117385233.7908082
1777075200,77455.0,77876.3,77145.3,77648.5,77543.3,464.66865149,25041,2026-04-25,36080823.785221264
1777161600,77648.5,78964.8,77356.2,78653.8,78132.7,726.37495163,32971,2026-04-26,57132150.1705157
1777248000,78653.8,79481.2,76480.4,77374.7,77684.1,2180.49916282,54128,2026-04-27,168715468.57344866
1777334400,77374.7,77799.0,75652.1,76331.9,76445.0,1632.88839135,46268,2026-04-28,124641473.39968905
1777420800,76331.9,77888.0,74940.0,75750.3,76297.5,1865.52715380,54718,2026-04-29,141314241.55849615
1777507200,75752.7,76634.1,75290.9,76313.0,76128.5,1029.73817744,43259,2026-04-30,78582409.53497873
1777593600,76312.9,78900.0,76284.2,78235.3,77942.6,1781.33231631,51739,2026-05-01,139363068.16620773
1777680000,78235.3,79140.0,78045.0,78750.0,78529.3,766.86771602,26572,2026-05-02,60390832.636575
